{
  "coeficiente_B1": 0.09951992220305844,
  "intercepto_B0": 18791.171858116766,
  "train_mae": 16884.071780678507,
  "test_mae": 16674.432225890985,
  "train_rmse": 30689.808723015423,
  "test_rmse": 33153.88388072674,
  "train_r2": 0.7584365447763066,
  "test_r2": 0.7683628560235957,
  "n_samples": 535,
  "n_train": 428,
  "n_test": 107
}